study_hours,attendance,previous_marks,assignment_score,backlogs,python_level,sql_level,ml_level,projects_completed,study_consistency,practice_frequency
3.3,98.8,89.3,38.8,5,0,0,0,2,1,1
3.4,93.8,35.1,49.0,5,2,2,0,8,1,0
9.9,75.8,92.2,65.1,1,0,0,1,5,2,1
1.2,73.7,47.0,97.2,2,0,2,2,3,1,0
2.7,54.3,53.5,56.1,0,0,1,0,4,1,1
5.9,93.5,70.3,57.8,1,0,2,1,0,0,0
1.9,86.2,44.8,98.6,3,0,1,1,0,0,0
1.6,64.3,77.7,59.2,3,1,1,1,3,0,0
4.3,84.5,97.7,48.4,1,1,1,1,4,1,1
4.8,86.2,45.5,86.4,4,1,0,1,2,2,0
5.4,80.4,58.3,81.9,4,0,1,0,3,0,0
9.4,83.1,84.2,60.2,0,0,1,0,0,1,1
4.6,97.8,64.9,81.3,2,0,1,1,5,2,0
1.1,88.5,94.7,88.7,5,1,0,0,2,0,2
5.2,61.6,59.7,47.7,0,1,1,0,0,1,1
4.2,70.9,64.9,73.7,4,1,1,0,2,1,0
4.5,69.2,98.6,70.8,5,0,2,0,5,0,1
7.1,91.3,67.5,60.1,1,1,0,0,7,0,1
5.0,77.3,72.8,47.9,4,1,0,0,1,0,1
1.0,56.1,49.9,55.4,0,1,1,0,0,1,1
3.2,91.9,46.3,47.4,1,2,1,0,1,1,1
7.8,92.0,40.0,35.8,4,1,1,1,4,1,1
2.1,58.2,88.5,55.8,0,0,0,1,6,2,0
5.6,74.0,96.8,88.5,4,1,1,1,8,0,0
4.5,51.0,72.6,76.4,4,2,0,0,4,1,2
4.6,88.7,49.4,53.0,1,2,1,0,5,0,2
6.1,75.6,69.0,88.8,1,1,0,0,5,0,0
4.6,99.2,63.4,37.4,4,2,1,1,1,1,1
9.1,67.4,80.8,40.6,1,1,1,0,2,0,1
3.8,51.3,72.3,99.8,3,1,2,0,1,1,1
3.5,65.4,97.2,83.2,1,2,0,0,8,2,0
2.0,54.0,58.9,42.1,0,2,2,2,4,1,2
2.4,72.7,44.6,38.4,0,1,1,1,6,1,2
8.7,55.9,78.5,72.4,0,0,2,2,1,0,1
8.3,94.4,87.2,49.0,0,1,1,1,5,1,2
8.8,89.0,66.7,80.6,3,0,2,0,8,0,0
6.2,84.6,60.9,56.1,2,2,2,0,5,0,0
9.2,56.4,99.6,95.3,0,1,1,0,8,1,2
4.0,74.8,64.2,90.2,3,0,0,1,1,1,2
4.5,56.6,37.8,74.5,3,2,1,0,6,1,1
8.8,70.3,37.6,76.7,0,2,0,0,7,0,0
1.8,67.7,55.6,49.5,0,0,2,1,3,2,1
3.2,71.8,81.7,53.6,2,2,2,1,1,2,0
9.0,87.8,58.4,40.8,1,1,0,2,0,0,1
6.0,71.5,72.2,40.0,2,0,1,0,6,1,0
3.7,78.3,55.4,67.7,1,1,2,0,5,0,1
7.6,71.4,91.6,90.6,5,1,0,1,5,1,2
4.0,59.3,63.4,88.3,4,2,1,0,8,0,1
1.7,67.7,45.7,47.6,2,1,0,0,4,2,0
1.2,61.1,37.2,68.4,1,1,2,2,5,1,0
4.3,65.3,90.3,65.7,1,0,1,1,3,1,1
5.2,89.0,57.6,79.4,5,0,1,1,8,0,2
3.6,78.6,90.7,30.8,5,1,2,0,8,1,1
8.2,74.9,39.6,85.4,2,0,2,0,0,1,0
1.8,85.3,57.0,86.3,0,0,2,1,7,2,2
6.3,63.2,59.0,87.9,4,0,0,0,6,0,0
2.5,82.0,36.0,84.1,2,1,0,1,1,1,1
9.6,88.8,37.3,60.0,0,0,0,1,1,1,1
4.4,59.3,52.0,77.1,1,0,2,0,2,0,0
4.4,82.4,36.2,36.0,3,0,2,0,3,1,2
1.3,52.9,94.5,36.5,1,1,0,2,7,2,0
6.3,81.0,72.5,90.4,5,2,2,1,0,0,1
8.7,60.0,64.7,93.6,1,0,1,1,6,1,0
5.6,92.2,98.8,74.9,3,1,1,1,1,2,1
6.7,66.8,57.9,51.1,0,2,0,1,7,0,1
6.4,86.6,51.2,73.7,2,1,0,1,3,2,1
4.5,55.3,76.8,91.7,5,1,1,0,4,1,1
9.1,81.2,87.2,84.4,2,0,2,0,6,0,1
8.3,76.8,93.1,36.4,1,0,0,0,2,1,2
5.8,98.3,68.9,72.8,1,2,0,0,2,2,2
7.0,51.2,59.7,98.2,0,1,0,1,6,2,2
2.1,54.1,71.4,95.3,4,1,2,1,3,0,1
6.3,66.0,51.7,77.0,3,1,1,0,1,1,0
5.4,50.2,81.3,58.0,3,0,0,1,0,1,0
9.3,50.6,47.4,69.8,4,1,0,1,2,0,0
3.3,66.3,54.8,70.1,3,1,1,1,2,0,1
4.4,96.7,80.1,90.8,2,0,2,0,4,1,0
7.3,74.8,82.5,81.7,2,0,2,0,5,1,1
3.2,92.0,56.8,32.0,4,1,1,0,1,0,1
7.5,55.0,56.6,82.7,1,0,1,1,6,0,0
7.4,97.8,86.5,50.7,2,0,2,0,7,1,0
6.8,69.8,48.8,73.1,1,2,1,0,2,2,1
6.2,56.8,55.3,76.8,4,0,1,1,6,2,1
6.6,74.4,99.0,83.0,3,1,2,1,8,1,1
2.8,90.7,51.0,41.4,1,0,1,2,4,1,1
6.1,96.1,43.1,95.0,3,0,2,1,3,1,0
3.1,93.6,64.3,87.7,3,0,0,2,8,0,1
8.9,94.3,86.0,63.0,1,2,2,0,8,0,2
8.8,54.1,71.7,47.7,0,0,1,0,2,1,1
2.7,96.3,61.7,53.4,3,2,1,0,6,2,0
6.5,84.9,97.6,50.0,4,1,0,0,7,2,0
6.3,86.9,98.8,34.7,4,1,1,1,3,2,0
2.7,51.1,40.3,48.5,3,1,1,1,0,0,0
8.3,94.9,66.0,57.0,4,0,0,1,2,0,1
7.2,53.3,49.6,34.7,0,1,0,1,4,0,0
7.7,90.8,50.6,38.1,1,1,0,1,5,2,2
9.1,86.2,44.3,64.3,4,1,0,0,4,2,1
2.4,96.5,77.4,41.2,2,2,2,2,6,0,0
2.3,65.5,93.0,59.3,3,2,2,2,4,1,2
8.5,78.1,78.0,42.7,2,2,2,0,1,1,2
3.1,62.3,61.6,74.5,3,0,0,1,2,1,1
7.3,69.6,73.5,63.2,1,1,1,1,7,1,2
8.3,84.8,57.7,49.3,3,0,1,0,5,2,1
5.3,78.9,85.4,75.1,0,1,1,1,2,0,1
9.0,55.5,81.0,60.1,0,1,0,0,7,1,1
1.2,52.1,63.4,32.3,5,2,0,2,4,2,1
5.0,65.8,51.3,66.3,3,2,1,0,8,0,1
8.3,67.1,97.1,32.1,5,2,0,1,5,1,2
1.5,90.2,35.6,97.7,0,1,1,0,7,1,1
5.2,83.8,75.7,78.4,3,2,0,2,5,1,2
5.4,57.4,64.8,32.7,5,1,0,2,1,0,2
6.6,52.0,35.7,46.9,5,1,2,1,0,1,0
2.6,54.0,67.3,68.7,1,2,1,1,5,1,0
2.6,77.0,89.4,43.0,4,1,0,0,2,1,0
2.0,72.9,80.8,45.7,0,1,1,0,7,1,1
6.2,96.4,84.5,95.4,3,1,1,1,7,0,0
9.1,97.8,67.8,47.3,4,0,1,0,0,1,1
6.9,71.9,74.8,93.5,2,0,0,0,1,0,0
8.5,90.9,98.6,64.4,4,2,0,1,8,1,0
8.1,58.4,93.9,67.7,3,1,1,2,4,2,1
7.4,82.5,97.7,97.0,4,1,0,0,6,2,2
2.8,59.0,57.3,43.4,2,1,1,1,3,0,1
2.4,85.9,81.4,43.7,2,2,1,0,0,2,0
6.3,65.3,50.0,32.7,5,0,1,1,3,0,0
4.4,78.0,65.7,89.8,3,1,1,1,7,2,0
8.6,88.2,76.6,62.1,3,2,0,0,0,1,2
9.7,86.9,97.7,84.5,5,1,0,0,5,1,1
4.8,77.5,78.4,72.5,0,1,1,1,1,1,0
8.5,72.6,99.5,45.2,4,1,1,2,0,1,0
8.4,86.8,55.2,52.9,5,2,0,2,7,1,0
9.2,99.7,86.6,48.1,2,1,1,1,4,2,2
5.5,94.3,71.7,80.0,4,1,2,0,5,1,1
7.2,72.6,87.3,77.2,5,0,2,0,6,1,1
1.2,77.4,67.1,79.6,1,0,0,2,0,1,0
9.4,60.0,68.6,78.4,5,1,0,0,8,2,2
4.1,98.4,41.2,63.7,3,2,1,0,0,1,0
2.3,51.2,98.6,43.7,5,1,0,0,4,1,1
9.1,95.5,71.3,48.9,3,2,2,1,1,1,1
7.9,69.2,50.5,96.3,4,2,0,0,1,1,1
2.6,83.0,90.5,86.1,4,0,0,0,4,1,2
6.6,99.8,82.4,30.4,0,1,1,2,4,1,1
8.6,55.1,58.3,37.1,1,0,1,1,0,1,2
9.7,91.2,88.2,56.0,1,0,1,1,7,0,1
6.1,53.6,75.5,37.2,0,0,0,0,8,2,1
4.7,89.5,92.9,72.6,4,1,1,2,3,1,1
9.5,80.4,90.1,89.3,4,1,0,2,6,1,0
8.7,71.5,45.0,87.8,5,1,1,1,0,1,1
2.5,59.6,75.9,39.9,0,1,0,0,5,1,1
2.7,93.9,75.0,31.0,3,2,1,2,6,2,2
7.3,76.0,88.8,50.1,1,0,2,2,2,1,2
4.1,66.9,92.9,93.1,2,1,1,0,2,1,2
9.6,55.6,44.1,39.1,0,0,2,2,0,0,1
7.5,88.2,93.1,34.4,3,0,2,0,3,1,1
8.8,54.2,73.6,76.1,2,0,1,0,3,1,0
1.7,84.8,39.7,61.8,2,0,1,2,5,1,2
2.4,77.1,66.0,59.3,1,1,0,1,1,0,2
6.4,62.5,39.2,77.2,5,0,0,0,1,2,2
5.5,89.5,71.5,97.9,1,1,2,0,3,0,1
4.5,72.5,99.4,76.3,2,1,0,1,4,1,1
6.7,81.0,71.4,52.9,3,1,1,1,1,0,1
5.0,96.8,97.7,69.6,1,1,1,0,0,0,1
8.3,59.7,70.4,82.6,2,1,0,0,7,2,2
4.7,69.8,90.7,80.6,2,0,0,2,0,1,0
1.9,88.1,39.6,45.4,4,1,0,0,2,0,0
4.0,56.1,37.5,75.8,0,1,2,0,3,0,1
1.2,54.6,93.6,31.8,0,2,2,1,2,0,1
9.7,84.8,98.3,35.5,4,0,2,1,3,1,2
1.5,51.6,87.2,60.3,5,0,0,1,7,1,0
3.4,90.7,57.4,62.5,1,1,1,1,4,0,1
6.3,56.8,60.8,33.6,3,0,2,0,5,0,1
9.2,78.5,57.6,56.1,5,0,2,0,8,1,1
8.4,85.2,57.1,71.8,1,1,1,0,3,1,2
2.4,98.2,85.3,95.3,1,1,0,0,4,0,1
9.7,90.9,80.6,30.6,2,0,1,0,2,2,1
8.0,76.0,44.3,52.8,0,0,0,1,8,2,1
7.8,57.6,85.3,30.7,3,1,2,1,0,0,1
1.8,84.2,57.3,33.7,3,1,0,0,3,1,2
4.1,68.8,67.5,41.5,0,1,0,0,1,1,1
8.2,62.1,83.3,89.0,0,2,0,0,8,1,1
2.3,79.1,42.7,87.7,0,1,2,2,6,2,1
1.1,88.1,90.6,79.2,0,2,1,0,0,2,1
2.0,97.5,85.2,96.1,2,1,1,0,0,2,2
4.0,65.6,43.2,52.2,5,0,1,2,7,1,1
6.6,54.5,39.2,91.8,3,2,1,1,6,2,1
6.3,56.4,97.2,64.1,2,1,2,0,7,0,1
3.4,99.2,68.3,36.4,2,1,2,1,4,2,2
5.8,82.2,55.9,44.6,1,0,1,1,1,1,0
4.2,77.8,51.7,73.4,2,0,0,0,5,1,1
6.7,70.5,54.5,45.6,2,2,2,2,8,0,1
7.1,80.8,79.6,75.9,4,0,2,1,3,1,1
9.7,93.7,64.8,44.4,4,2,1,0,6,2,1
1.4,74.0,77.3,35.3,2,0,1,2,6,1,1
1.8,50.5,38.0,91.8,3,1,2,1,4,1,1
4.8,59.3,76.2,37.1,2,1,1,1,7,2,1
8.5,90.0,85.1,77.4,4,0,1,1,1,1,1
3.2,85.4,78.2,85.3,3,1,0,1,1,2,0
8.6,89.3,52.9,93.2,5,1,0,1,7,2,0
4.1,81.9,86.6,87.9,3,0,0,0,1,2,0
2.1,77.0,90.3,42.6,1,1,2,0,7,2,1
1.3,65.9,69.0,37.9,4,0,0,2,4,1,0
6.5,74.4,83.1,77.4,2,0,1,1,5,1,1
2.9,77.7,43.3,60.2,1,1,2,0,4,0,1
6.1,72.4,77.7,93.7,1,0,2,0,5,1,0
7.8,91.9,47.7,80.1,3,2,1,1,1,2,1
9.7,89.9,43.1,64.2,1,2,1,0,7,1,1
5.8,89.8,45.9,54.6,3,1,1,0,6,1,1
3.4,79.4,87.4,72.2,5,1,2,1,0,1,1
5.4,62.9,83.8,92.2,2,1,0,2,8,1,0
1.6,86.4,46.4,88.4,5,0,1,0,4,1,2
4.7,76.3,52.9,63.9,0,2,1,1,0,1,2
5.9,98.3,93.5,73.4,3,0,1,1,2,2,2
1.8,51.2,42.2,65.2,4,0,1,1,0,1,1
1.1,67.8,62.6,67.8,1,1,1,0,5,1,1
5.8,65.2,59.0,57.9,4,0,1,1,1,2,0
6.8,82.6,92.2,40.9,2,0,1,1,0,2,0
5.5,51.8,61.6,99.9,2,2,1,0,7,0,1
2.2,71.4,50.7,38.8,4,0,1,2,4,2,1
3.3,73.1,98.8,30.8,0,1,1,0,6,2,1
9.7,89.1,70.3,41.9,5,1,1,0,4,2,2
3.0,89.7,97.6,78.6,5,1,1,0,3,1,1
6.0,96.9,72.7,54.8,1,1,0,0,0,1,0
1.6,61.9,82.4,78.6,0,0,1,0,2,1,2
6.0,53.4,84.8,54.8,5,1,2,0,4,1,1
2.1,90.0,35.4,97.8,4,1,2,0,8,2,1
9.9,83.0,51.1,78.4,1,2,0,2,0,0,2
9.9,61.8,59.3,52.6,2,0,1,0,6,1,0
5.2,62.8,53.1,40.3,5,1,1,2,1,1,1
6.3,71.2,54.2,80.8,1,0,2,0,0,2,1
1.8,98.5,71.0,53.9,5,2,0,2,7,0,2
2.6,61.3,83.7,43.0,3,1,0,1,5,1,2
4.1,52.1,82.4,62.7,0,2,0,1,6,0,1
1.5,71.5,35.7,68.5,2,2,1,0,1,0,0
4.6,60.2,77.6,60.0,1,1,0,0,3,1,2
5.4,84.0,88.7,59.9,3,0,1,1,1,1,0
6.1,53.2,55.6,57.4,4,0,0,1,5,1,0
1.2,81.8,48.5,97.1,2,1,0,0,1,2,1
1.7,55.9,47.7,70.2,2,1,0,0,7,1,1
4.2,82.0,55.4,90.5,3,1,2,2,1,1,2
8.5,88.4,87.4,71.9,0,2,0,0,3,0,0
2.6,59.3,50.6,69.0,2,1,1,2,6,1,1
2.0,90.5,62.2,62.1,3,1,0,1,0,1,2
8.1,75.4,36.5,73.7,4,1,1,2,8,0,1
5.7,66.4,69.7,88.7,3,0,1,1,6,0,0
5.0,61.7,78.3,64.0,3,0,2,1,5,0,1
8.8,84.8,56.1,96.3,5,1,0,2,5,0,0
2.0,67.1,48.8,50.2,5,1,0,0,0,0,0
7.9,90.1,50.3,86.4,2,1,0,0,0,0,1
2.5,79.8,71.7,59.3,2,2,2,0,6,0,0
5.9,71.3,84.0,41.2,4,0,1,0,6,0,1
8.9,66.4,59.0,41.4,5,1,0,0,7,0,1
8.2,67.8,46.8,48.6,2,0,2,1,7,1,1
4.0,80.8,76.2,86.4,2,2,0,2,6,1,1
9.1,68.3,98.8,71.5,1,0,0,0,1,1,1
7.9,61.5,53.7,43.2,1,1,1,0,1,1,2
1.3,87.8,49.4,54.8,2,1,0,1,0,1,1
5.4,51.6,90.4,34.0,5,2,1,1,1,0,2
2.3,75.5,39.3,34.3,4,1,0,0,0,2,1
2.5,86.3,91.8,65.5,2,2,2,2,4,1,0
8.7,78.9,94.4,59.7,3,0,2,1,7,0,1
7.0,93.7,90.6,81.2,1,2,2,2,4,1,1
9.4,81.3,68.9,42.0,5,2,0,2,0,1,0
7.0,80.8,82.0,79.3,2,1,1,1,2,0,2
6.6,68.7,48.2,72.5,2,0,0,0,7,1,1
4.7,73.0,59.2,73.6,3,0,1,0,3,0,0
7.5,85.5,95.6,45.4,4,0,0,0,2,2,0
1.6,94.0,94.1,71.1,1,1,1,2,0,1,0
4.2,79.4,80.6,85.1,2,2,1,2,3,1,2
5.7,97.6,57.7,86.3,3,1,0,0,8,1,1
2.7,88.2,61.3,31.3,0,0,2,0,8,2,2
3.2,57.3,65.2,46.4,3,0,1,1,1,1,1
7.4,79.5,67.3,41.8,5,0,1,0,5,1,1
5.7,92.6,40.2,82.0,1,2,1,0,0,0,1
1.5,81.2,35.6,87.4,4,0,0,0,0,2,2
5.0,54.0,68.0,80.6,1,0,0,1,2,0,2
6.9,97.5,80.7,66.0,4,2,2,1,6,1,2
5.7,90.3,47.9,37.8,5,0,1,0,4,2,1
3.9,92.1,41.8,93.6,0,0,2,2,3,1,1
9.4,56.6,56.9,77.4,3,0,0,1,3,2,1
2.2,53.4,55.1,57.6,0,0,2,0,1,0,2
2.1,82.9,61.1,75.4,2,2,0,1,6,1,2
9.5,97.0,45.8,48.8,1,1,1,0,3,2,1
8.1,73.7,51.9,56.2,3,0,2,1,1,1,2
4.6,87.1,96.2,63.2,4,0,1,0,3,0,1
8.4,86.5,91.1,90.9,1,1,2,0,4,0,0
1.5,92.5,67.1,85.1,0,1,0,1,3,2,2
8.3,84.7,41.8,47.7,1,0,1,0,7,2,1
6.4,53.1,68.7,80.1,4,0,0,0,4,1,0
5.1,59.1,84.0,77.2,1,0,2,0,4,0,0
7.7,53.6,76.0,34.8,0,1,0,0,7,2,0
2.2,89.0,38.3,34.0,2,1,2,0,4,2,0
1.2,95.0,93.7,78.7,5,1,1,1,1,1,0
9.9,84.6,51.9,86.3,2,0,1,1,4,2,1
8.3,50.9,92.1,49.0,3,2,2,2,5,1,0
7.6,62.0,36.5,48.3,0,0,1,0,0,0,2
6.1,66.7,96.6,71.2,5,2,0,2,1,2,1
8.6,59.1,83.1,48.0,3,0,0,0,1,0,2
5.1,61.9,53.6,35.9,5,1,1,1,6,2,0
3.1,84.4,56.6,65.2,5,0,1,2,1,2,0
9.1,73.7,74.4,86.5,2,0,0,0,6,2,1
8.6,53.1,54.7,95.0,5,2,1,0,8,0,0
1.6,62.4,78.7,87.0,5,0,0,0,1,0,1
2.7,62.6,67.9,35.4,0,1,1,2,8,0,0
5.1,61.6,43.0,63.8,2,2,1,0,7,1,0
8.4,97.9,98.3,66.0,5,1,1,1,3,1,2
6.5,89.5,35.1,66.3,5,0,2,0,6,2,1
2.1,74.9,96.9,42.0,1,1,0,0,4,0,1
3.2,87.6,50.6,75.5,0,0,1,1,0,1,0
3.9,56.3,88.9,38.2,3,0,2,1,3,0,0
1.5,60.8,66.8,78.8,4,1,1,1,5,1,1
9.0,72.4,59.4,59.6,3,2,1,0,6,0,0
1.1,68.6,60.5,67.2,2,1,0,0,2,1,1
7.2,51.9,38.2,58.0,2,0,1,2,0,1,2
8.8,50.9,68.2,87.2,5,0,1,0,0,1,0
4.1,98.1,54.8,37.7,3,1,0,0,7,2,1
5.4,96.5,44.0,41.7,1,0,2,0,5,1,0
4.9,54.4,84.9,32.1,3,0,0,0,0,2,1
1.7,84.0,64.3,37.4,2,1,1,2,6,1,1
4.8,67.5,68.9,48.2,2,2,2,1,2,1,0
6.5,71.3,78.5,80.1,3,1,0,0,2,2,1
2.0,67.5,60.7,60.4,2,0,2,1,0,2,2
4.5,83.4,50.1,70.2,4,2,0,1,6,1,1
9.1,81.0,88.1,84.8,5,1,2,0,3,2,0
6.9,75.4,48.3,91.6,3,0,0,2,2,0,2
7.1,72.6,37.0,46.2,1,1,0,1,1,2,1
8.3,93.0,60.0,30.7,4,0,2,2,4,0,1
3.6,51.7,78.1,84.9,1,2,0,1,1,0,2
7.6,51.5,83.7,50.5,5,2,0,1,7,0,2
4.6,86.8,55.9,88.8,4,0,1,0,8,2,1
6.3,64.8,67.4,55.1,4,0,1,2,2,1,0
3.6,64.6,68.3,78.2,0,0,1,0,0,1,1
1.5,99.7,58.4,69.0,5,1,1,1,2,0,0
3.9,81.2,76.9,62.6,5,1,1,0,6,2,1
8.3,81.2,65.8,97.8,0,0,0,1,3,2,2
8.2,99.8,49.8,36.5,2,1,2,0,6,1,1
8.3,93.4,63.6,98.7,2,2,0,0,4,1,1
9.8,69.0,98.7,43.8,1,1,1,1,1,1,1
5.6,81.6,46.4,41.2,1,0,0,0,5,2,2
1.7,83.7,45.0,95.0,0,0,2,0,3,0,2
4.9,95.8,36.4,34.8,2,2,0,2,8,0,1
6.9,50.5,67.9,94.1,3,2,1,0,5,0,0
2.8,86.7,91.9,87.7,1,0,1,0,7,0,0
5.6,75.6,72.0,71.6,0,0,1,1,5,2,2
7.4,87.8,76.1,82.5,3,0,1,0,7,1,0
3.6,77.7,88.4,53.8,1,0,0,0,3,1,0
9.6,52.9,53.9,67.1,2,0,0,0,6,0,1
8.1,90.1,53.9,43.3,5,0,0,0,3,2,0
7.9,75.8,88.7,99.3,1,1,1,0,2,2,1
8.2,58.0,39.5,92.0,0,1,0,1,2,2,1
3.3,55.1,77.5,66.1,4,0,1,1,8,2,1
5.5,93.6,80.7,33.5,2,0,2,2,5,1,1
8.0,76.4,66.5,63.8,3,2,0,0,1,0,0
6.3,53.0,80.0,46.1,1,1,1,1,2,0,0
1.8,53.4,51.9,51.5,0,1,1,2,3,2,0
3.2,60.4,43.9,88.7,2,0,1,0,0,2,1
6.7,76.6,67.9,84.9,0,2,2,1,2,1,1
6.5,63.4,85.3,44.3,1,1,0,0,8,1,1
9.0,99.6,88.4,70.8,3,0,1,1,1,2,2
5.7,78.4,93.5,58.3,4,0,1,1,2,1,1
6.2,53.9,37.8,59.3,3,1,1,2,3,1,0
9.9,93.2,61.5,81.6,0,0,1,2,3,0,2
6.8,75.3,93.0,41.0,3,0,1,0,6,0,1
2.0,90.3,40.0,35.8,0,1,0,0,8,1,0
6.3,64.4,56.1,58.7,3,1,1,1,0,1,2
6.1,92.1,37.3,58.2,0,1,1,1,8,0,1
3.5,84.8,91.1,33.6,5,0,0,0,3,0,2
6.6,98.0,65.5,42.9,4,1,2,0,1,2,1
1.8,89.2,37.4,89.1,2,0,2,0,2,2,2
9.1,89.9,96.5,50.1,4,1,0,1,4,2,1
4.7,53.7,45.8,92.9,5,1,1,1,4,0,1
3.1,84.4,37.9,87.5,2,2,1,2,0,1,0
3.4,60.7,96.5,42.7,1,1,1,2,6,0,2
8.0,74.9,52.6,61.8,2,0,1,0,7,1,1
8.0,81.7,39.3,69.4,5,0,0,2,3,1,2
7.3,67.7,86.6,51.5,1,2,0,0,0,0,2
8.2,88.3,46.7,35.8,4,2,1,0,6,1,2
2.1,97.1,85.4,61.5,3,1,2,1,8,2,1
7.3,84.0,59.0,83.1,3,1,1,1,5,0,1
7.0,76.4,38.8,61.3,2,2,0,1,3,1,2
8.0,64.8,84.2,79.5,1,0,1,1,1,1,1
1.8,51.8,48.6,83.9,4,0,1,2,2,1,1
6.9,58.2,36.2,42.5,4,1,1,0,0,2,1
3.5,88.7,59.1,47.0,0,1,2,0,6,2,1
1.8,71.6,41.3,35.8,2,1,0,2,6,1,0
1.8,92.7,80.0,48.5,2,0,0,0,3,1,2
4.4,97.2,38.7,71.5,1,1,0,0,6,1,1
3.5,93.4,88.8,61.8,1,0,1,1,2,1,0
4.9,74.8,67.8,61.5,2,1,1,1,5,2,2
5.9,86.9,86.1,48.7,2,0,1,0,4,0,2
4.3,74.0,47.2,66.5,2,0,0,2,0,1,1
7.7,68.0,38.4,41.9,0,0,0,0,7,1,0
5.1,81.1,54.2,78.5,5,2,0,2,3,0,1
3.3,81.0,36.1,49.7,3,1,1,1,0,1,1
8.4,67.3,52.4,82.6,5,0,1,0,4,1,2
8.7,80.8,42.5,74.2,3,0,0,0,8,1,0
3.2,54.9,76.0,67.2,0,1,1,2,2,0,1
3.1,82.8,99.0,81.3,1,0,1,0,3,2,2
4.4,96.4,80.7,44.5,3,0,0,1,0,1,1
5.3,51.3,67.3,57.8,2,0,1,1,8,1,0
9.7,53.8,74.6,49.4,5,1,0,1,7,0,1
4.4,99.4,73.6,52.0,1,1,1,1,1,2,2
5.8,65.0,86.2,88.0,4,0,1,0,6,1,2
7.6,89.9,62.9,88.9,1,1,0,0,1,1,2
9.0,99.2,54.3,37.4,4,2,0,2,8,0,1
2.0,99.8,79.6,43.6,3,2,0,2,8,1,0
2.5,65.3,83.6,40.5,4,2,1,0,6,2,0
1.2,50.4,95.2,95.7,1,1,1,0,8,2,2
2.4,82.9,84.4,88.3,4,0,1,0,7,1,0
8.9,66.7,55.6,55.7,1,2,0,0,4,2,2
2.3,64.9,71.4,60.3,2,1,0,1,7,1,1
10.0,85.8,54.2,52.8,2,1,0,0,5,0,2
6.0,91.0,87.5,70.6,2,1,1,0,1,2,1
5.0,50.2,42.5,69.4,0,2,0,1,1,0,2
5.5,54.0,97.9,95.1,3,1,0,0,3,0,2
7.4,99.4,92.2,71.8,0,2,1,1,5,0,0
9.0,60.1,38.6,63.9,2,1,2,0,5,1,2
2.1,63.3,78.3,45.9,1,1,1,1,8,2,0
9.2,85.4,56.8,74.1,0,2,1,0,8,1,2
7.7,86.5,55.4,42.3,0,1,2,0,1,1,1
5.7,80.2,70.4,45.6,0,0,2,1,5,0,0
9.5,54.8,76.6,56.0,3,1,1,1,8,0,1
2.3,98.8,94.6,49.0,4,0,1,2,3,1,1
1.2,89.0,86.9,30.6,1,2,2,2,7,1,0
3.2,84.1,44.3,54.9,0,1,0,1,1,1,0
7.3,53.6,98.8,42.1,1,0,0,0,3,1,1
3.3,53.0,61.7,84.1,2,1,1,1,0,2,2
4.0,62.1,57.4,78.4,3,1,2,1,6,1,2
2.4,86.9,94.0,95.7,2,0,1,0,4,1,2
9.5,56.1,89.2,39.1,1,1,1,0,7,2,2
4.4,90.9,93.1,57.7,4,1,1,1,6,0,1
9.0,63.3,40.4,47.4,5,1,1,1,7,1,1
5.9,56.5,92.4,45.0,3,0,1,1,5,0,1
2.1,54.5,38.1,83.2,0,0,0,0,1,0,1
7.6,66.8,97.1,82.6,2,1,0,0,4,1,1
2.6,93.4,40.2,74.3,5,0,0,0,0,2,1
9.1,59.4,53.4,88.3,2,0,0,0,3,1,2
3.0,78.3,47.1,46.2,4,0,0,1,5,1,0
2.8,95.9,41.6,76.3,4,2,0,0,7,1,1
4.2,56.5,96.3,47.3,3,2,1,1,5,1,1
2.8,93.1,82.5,96.1,5,1,1,0,8,1,2
1.3,75.9,53.0,35.3,4,0,2,1,1,0,1
7.6,93.6,93.9,47.5,4,1,1,0,2,0,1
7.3,57.9,87.0,44.8,0,1,1,1,1,1,2
9.1,57.4,68.1,72.2,0,0,1,0,8,0,0
9.9,62.2,79.7,35.0,3,1,1,2,1,2,1
2.4,52.2,68.6,58.9,4,1,1,0,3,0,2
6.7,82.1,84.0,78.2,1,2,0,1,1,1,0
8.5,97.2,93.9,51.5,1,1,1,0,5,2,1
2.1,93.4,92.7,71.1,4,0,2,2,5,2,0
2.2,84.6,88.5,96.6,0,2,0,0,6,2,2
5.5,85.4,64.8,100.0,5,0,1,0,7,1,2
4.7,92.0,62.3,87.9,0,1,0,0,1,0,0
6.0,94.2,96.6,65.4,0,0,0,2,7,2,0
1.1,78.4,49.8,31.3,5,0,0,0,7,1,2
7.7,88.5,47.7,83.0,5,1,1,0,2,1,0
2.9,75.9,82.7,79.7,4,0,2,0,5,0,1
3.1,78.4,90.0,40.3,3,2,2,1,6,1,1
6.4,99.9,90.2,76.0,1,2,0,1,6,1,2
5.2,80.2,68.2,76.1,5,0,0,1,1,0,0
6.8,60.5,62.4,49.0,4,0,0,2,1,1,2
3.3,72.5,60.2,73.9,5,2,1,2,0,0,1
9.5,84.2,81.8,44.0,0,1,1,0,5,0,1
5.1,77.2,96.4,49.4,0,1,2,1,3,1,1
5.9,52.6,68.3,69.1,3,2,0,2,4,0,2
6.5,64.8,97.4,98.8,5,1,0,0,8,1,2
2.1,96.8,62.1,44.3,5,0,2,0,8,2,0
9.7,79.6,90.8,34.8,0,1,2,2,0,0,1
9.7,51.6,89.0,58.8,4,2,1,0,2,1,0
6.7,99.4,73.1,58.5,2,1,1,1,1,1,2
7.0,77.5,61.5,63.9,4,0,1,1,4,2,1
9.1,67.3,78.6,96.7,4,2,0,0,2,1,1
1.7,93.4,81.4,80.7,5,1,1,2,5,1,1
7.6,82.8,55.7,32.4,4,1,0,1,4,1,2
5.0,68.4,97.6,82.8,1,1,0,0,4,0,1
8.4,76.7,63.5,62.6,5,0,1,2,4,1,0
2.9,89.4,84.3,37.0,4,1,0,0,4,1,2
7.0,72.3,90.8,82.4,5,0,1,0,5,0,1
7.4,58.0,81.4,34.7,5,0,1,1,2,2,2
5.6,69.9,35.6,84.3,2,2,1,2,1,1,1
1.1,84.5,63.9,65.0,3,2,2,1,5,1,1
8.2,82.5,35.2,40.0,0,0,1,0,4,1,2
9.3,97.8,45.2,53.4,2,0,0,0,2,2,1
5.9,95.1,89.8,52.9,1,0,2,0,4,1,1
5.3,77.5,85.2,48.6,2,0,2,0,5,0,1
5.7,82.1,82.4,94.9,2,0,2,1,7,0,0
2.1,94.6,87.5,54.1,4,0,1,2,6,1,0
6.8,87.9,98.5,68.7,2,0,1,2,3,0,1
7.5,59.2,82.3,51.5,2,1,1,1,8,0,0
3.7,59.0,57.6,81.3,5,0,0,1,7,2,1
8.5,85.4,81.4,57.5,5,1,1,1,8,0,1
9.1,74.1,85.8,44.9,4,1,1,0,2,2,1
4.8,82.9,76.4,39.8,1,1,2,1,3,2,1
6.6,98.1,40.8,90.5,1,0,1,2,6,2,0
4.1,93.6,64.1,65.4,1,0,1,1,0,1,1
6.0,63.6,35.9,51.0,3,1,0,1,2,2,1
5.7,51.2,81.0,54.3,5,0,2,1,1,1,1
9.1,93.9,60.7,33.5,5,2,1,0,6,0,1
4.3,98.6,38.4,53.3,5,2,0,0,0,0,1
8.6,63.7,42.3,81.3,1,2,0,1,0,2,1
6.4,82.3,58.3,34.8,4,2,1,1,6,1,1
9.9,55.3,87.5,91.9,3,1,2,0,6,1,1
6.8,99.6,87.3,42.3,3,1,1,0,7,1,0
2.5,69.9,42.1,73.6,2,1,0,0,7,2,1
4.2,80.0,65.7,65.7,4,1,2,0,0,0,1
8.2,60.3,95.2,54.6,5,1,0,1,0,1,1
7.5,62.7,64.0,76.0,2,1,0,2,3,1,0
9.0,80.9,51.5,61.6,4,0,1,0,4,0,2
4.0,85.1,58.5,42.8,2,1,0,1,1,0,2
3.0,74.8,35.8,87.6,5,0,0,0,5,0,0
6.3,81.8,97.4,70.4,2,1,0,0,6,1,2
4.2,60.9,99.0,40.8,0,1,0,1,5,1,1
1.1,99.1,39.5,48.2,4,2,1,0,4,2,2
8.7,70.4,45.8,35.7,0,0,2,1,8,0,2
2.6,73.1,96.2,95.4,1,0,1,0,5,0,1
8.9,62.9,63.0,48.2,5,0,1,0,3,1,1
9.9,83.4,91.5,86.2,3,0,0,0,7,2,2
5.4,97.9,94.1,91.2,2,2,1,0,1,1,1
4.1,52.9,35.1,99.3,5,0,0,0,7,1,2
9.4,88.1,80.1,87.0,1,1,0,0,4,2,1
4.2,84.5,68.6,67.9,2,0,0,0,0,1,1
5.7,61.0,72.5,98.4,3,1,2,0,1,0,2
3.9,93.5,52.9,84.5,0,1,2,1,3,1,1
4.9,62.4,36.7,89.1,3,0,1,0,4,1,2
5.6,96.4,80.2,60.4,4,0,0,0,0,1,1
7.2,86.4,38.4,36.7,0,1,1,0,0,1,1
5.7,98.4,85.2,70.4,4,2,1,0,5,1,1
8.3,65.6,79.0,49.5,2,2,1,0,8,0,1
9.0,87.5,70.5,37.2,4,0,1,0,5,1,1
6.6,93.1,66.0,99.3,2,0,1,0,4,1,1
5.7,52.2,61.5,51.2,2,0,1,1,4,1,1
9.5,60.8,78.8,93.6,4,0,2,0,8,1,1
9.4,97.8,64.1,98.3,2,1,1,0,3,1,1
3.6,90.9,55.5,61.4,4,0,2,0,7,1,1
6.3,66.2,65.1,70.8,1,2,2,1,6,0,2
2.9,53.4,38.0,87.8,5,1,1,0,3,1,0
6.8,98.4,40.1,73.1,3,0,0,0,5,0,0
2.9,53.0,93.0,45.4,5,0,1,0,3,1,0
9.7,58.7,42.2,86.1,2,0,0,2,0,0,2
1.4,82.5,59.9,82.5,0,0,0,1,7,1,2
3.5,83.1,52.6,89.2,0,0,0,0,8,1,1
8.2,55.5,51.8,97.6,1,0,2,1,8,2,2
9.5,86.7,72.5,95.7,0,1,1,0,2,1,2
6.5,53.4,68.7,32.1,5,1,1,0,6,0,1
6.7,67.3,79.1,49.0,0,0,0,1,3,2,2
3.1,84.8,53.0,71.3,2,1,1,0,6,1,0
3.4,80.5,70.9,82.7,1,1,0,1,5,2,1
6.7,61.2,59.2,77.9,0,1,0,1,2,2,0
8.3,72.7,79.7,76.7,5,2,2,0,4,1,1
6.9,93.6,74.5,83.7,2,1,1,0,7,1,1
3.7,86.7,49.6,87.2,2,1,1,0,8,2,1
9.1,58.4,39.7,36.6,0,2,0,0,5,2,2
3.8,97.2,70.0,79.1,3,1,0,2,0,1,2
2.3,72.7,74.2,70.7,3,0,1,0,7,2,1
7.8,96.7,60.2,31.0,1,0,1,1,4,2,2
5.9,63.0,44.6,58.8,0,1,0,0,2,2,1
9.9,80.9,41.5,61.0,1,1,0,1,6,1,0
5.5,61.7,81.0,94.9,0,1,1,0,6,0,2
5.5,93.4,76.3,45.0,5,1,0,0,0,1,1
2.6,86.6,60.6,30.4,3,0,0,0,7,1,1
3.5,93.2,93.0,45.4,4,0,1,0,0,2,2
4.0,70.9,65.2,44.2,1,0,1,0,0,2,0
6.8,99.3,67.9,64.0,2,0,0,1,3,0,0
2.5,61.2,48.1,46.9,1,2,0,1,1,1,1
7.4,84.7,82.2,46.1,3,0,2,2,6,2,2
4.7,62.0,58.2,75.9,3,0,1,0,3,0,0
7.6,63.7,86.1,49.3,0,1,0,0,0,0,2
6.2,60.7,93.7,47.2,2,1,1,1,2,0,0
2.0,96.4,81.3,36.6,0,1,0,2,0,0,2
6.8,93.7,42.8,35.4,4,0,1,1,7,0,0
4.9,54.8,53.3,76.7,2,1,2,1,7,0,1
7.9,80.3,67.0,34.6,2,2,1,0,6,0,2
4.0,61.0,69.3,68.1,5,2,0,1,7,1,1
9.6,63.5,66.6,31.6,1,0,0,2,0,2,0
1.6,72.0,85.1,96.3,5,0,1,0,0,0,0
1.4,59.8,75.7,89.7,4,0,0,1,7,2,1
1.8,52.1,84.2,83.4,1,2,1,2,3,1,1
3.5,90.2,45.9,68.3,4,1,0,0,2,1,1
8.8,77.0,99.9,60.8,3,2,1,2,1,1,1
1.2,77.0,54.4,46.7,3,2,0,2,8,1,2
6.3,82.9,72.0,72.0,4,0,1,0,1,1,1
1.4,98.7,42.4,92.3,5,0,0,0,5,1,0
1.1,63.7,39.7,59.3,1,2,1,1,6,2,1
3.4,71.0,35.8,41.6,2,0,1,1,2,1,1
4.5,92.2,58.7,90.1,4,0,1,1,6,2,0
8.2,67.0,42.4,55.9,3,0,1,0,1,0,2
7.0,77.8,44.9,81.2,3,1,2,2,6,0,1
7.5,98.7,64.9,95.9,5,0,0,0,4,0,0
9.9,89.9,74.1,65.5,2,1,0,0,4,0,2
4.8,85.9,92.4,34.7,0,2,1,1,1,1,0
8.1,89.1,63.1,71.8,5,0,0,0,6,0,0
2.9,76.0,85.8,62.8,3,2,1,0,6,1,1
5.2,60.0,40.8,30.0,5,2,0,0,1,0,2
9.0,70.2,81.9,79.0,1,1,0,0,8,0,1
3.1,70.8,75.5,30.5,0,2,2,1,0,2,2
9.2,86.8,65.0,39.5,1,2,2,0,4,1,2
4.1,52.3,42.2,54.8,3,0,2,0,1,1,0
7.0,62.8,74.9,54.0,5,0,2,1,7,0,1
5.1,82.8,53.4,72.8,2,1,2,1,5,2,1
8.8,60.8,49.7,92.3,5,0,2,1,0,1,1
9.2,91.3,72.9,41.2,1,1,0,0,7,0,2
1.2,75.7,86.3,43.1,1,2,0,1,4,0,0
8.8,84.7,68.5,57.4,2,2,2,1,1,1,2
8.2,94.7,83.3,66.3,0,0,1,2,6,1,1
2.8,61.7,68.8,72.7,1,0,0,1,8,1,2
1.8,93.4,64.5,32.8,1,0,0,0,1,2,0
2.5,83.8,81.1,51.5,4,2,1,2,6,2,0
9.5,58.9,54.7,75.5,4,0,1,1,5,0,0
4.8,87.3,69.0,89.1,4,2,0,1,7,0,0
2.6,87.4,53.8,56.9,3,1,1,2,3,0,1
4.7,68.4,97.8,98.5,3,1,0,0,7,0,2
7.3,56.0,92.0,70.1,4,2,0,0,8,2,1
6.7,90.9,52.9,40.8,4,1,0,0,3,0,1
2.4,99.9,94.2,72.7,0,0,2,2,6,1,2
5.5,55.2,74.0,87.5,2,1,0,0,7,1,0
3.5,52.9,52.2,83.0,0,1,1,1,6,1,1
9.3,83.5,41.6,36.1,5,0,0,0,1,2,1
3.4,97.0,36.6,93.3,3,2,0,2,5,0,0
5.6,85.7,40.7,56.1,2,0,1,0,8,0,2
3.2,99.6,89.3,58.2,4,1,0,0,0,2,0
9.5,56.0,98.2,37.1,5,0,1,0,5,1,2
7.9,86.9,69.4,71.7,5,1,1,0,8,2,2
4.5,74.1,94.1,38.1,0,2,1,0,1,0,1
2.4,57.5,81.3,45.0,0,1,2,0,7,0,2
8.2,66.3,72.8,91.5,2,1,2,0,4,0,1
6.7,98.5,69.6,82.4,2,2,1,2,1,1,2
8.7,70.1,80.1,67.2,0,1,1,0,7,2,1
4.2,83.4,67.0,44.8,4,1,0,0,1,0,0
4.2,87.6,43.6,64.5,4,0,1,1,4,1,2
3.7,67.0,42.4,60.2,0,0,1,2,1,1,2
1.1,90.3,49.2,99.8,5,2,1,1,5,0,0
8.0,88.8,91.3,87.0,4,1,1,0,1,0,2
5.2,91.4,58.8,93.3,3,2,0,1,5,2,0
4.7,64.2,48.7,98.1,4,1,0,0,4,2,1
8.2,54.6,63.6,81.7,5,1,0,0,1,2,1
4.3,92.2,99.7,78.8,5,0,0,1,4,0,0
3.1,61.0,54.8,38.2,0,0,1,0,8,1,2
3.0,93.5,65.9,88.6,3,0,0,2,7,1,2
1.9,99.6,74.5,68.6,1,2,0,1,1,1,0
1.0,52.1,48.3,51.9,1,1,2,1,3,0,0
8.1,65.8,45.4,83.5,0,0,2,1,5,2,1
2.2,72.0,68.4,76.3,0,1,0,0,0,1,1
5.6,83.2,35.3,62.1,2,0,0,1,5,1,1
6.6,81.8,42.0,56.3,3,2,0,0,3,0,1
4.1,68.4,49.7,51.6,2,0,1,0,7,1,1
1.2,50.3,84.8,56.5,2,1,1,0,8,1,1
1.7,65.4,60.1,46.0,5,0,0,0,4,1,1
8.4,78.4,48.5,57.3,5,1,1,0,1,1,1
3.5,74.4,61.9,57.1,3,1,1,0,2,1,0
1.9,84.2,53.2,90.1,5,1,1,1,1,0,1
1.1,75.9,41.7,31.2,5,1,0,0,7,1,1
9.5,75.9,99.7,98.6,3,1,0,1,3,1,2
5.5,61.5,38.1,72.5,3,1,1,1,6,0,2
1.9,58.4,57.1,34.7,5,1,1,0,8,0,1
6.1,57.6,70.1,41.3,4,1,0,1,5,0,0
9.4,91.6,45.6,68.1,4,0,1,1,6,0,1
2.6,72.0,94.7,63.3,3,1,0,0,4,1,0
3.9,90.1,75.1,34.8,2,1,1,1,0,1,1
6.5,55.3,84.8,86.6,1,1,0,1,4,1,1
7.2,69.0,48.0,92.8,5,0,2,1,1,1,2
1.8,88.4,65.0,72.3,1,0,0,2,5,0,1
9.7,100.0,75.3,42.6,0,0,2,1,5,1,0
3.6,80.8,70.0,40.3,5,1,0,1,0,2,2
7.5,71.9,45.8,69.7,4,1,1,1,1,1,2
8.5,52.9,77.0,53.8,1,2,1,1,2,1,1
4.5,93.7,39.0,50.8,5,2,0,2,4,0,0
3.9,93.1,97.9,34.4,1,1,0,0,3,2,2
3.0,63.0,90.6,41.2,5,2,0,0,4,1,2
9.4,61.2,47.0,80.0,0,1,1,0,3,2,2
1.1,68.6,92.3,96.6,5,1,0,0,2,2,1
4.8,99.9,94.9,46.2,3,0,2,2,6,1,1
2.7,53.7,60.1,91.8,1,0,1,1,4,1,1
4.9,56.6,39.1,65.0,1,2,1,1,2,2,2
4.9,86.4,58.1,41.0,2,1,1,0,8,2,2
9.5,86.3,57.9,34.9,3,2,1,0,2,1,1
1.3,54.8,67.1,85.5,2,1,1,1,6,1,1
1.9,79.1,63.2,92.7,5,0,1,2,0,1,1
3.6,51.7,66.3,93.1,3,1,1,1,0,2,1
4.4,70.7,39.9,70.5,1,2,0,2,1,0,1
7.0,63.7,52.6,46.1,5,0,2,1,8,1,0
3.9,81.4,70.5,96.6,1,2,1,2,8,1,1
9.3,59.3,45.5,54.3,1,1,2,0,7,2,2
5.1,64.6,36.9,45.5,3,1,0,1,7,0,1
6.6,58.8,59.5,47.5,0,1,0,1,3,0,0
1.4,68.6,58.5,44.2,3,2,0,0,3,2,1
3.5,61.0,55.1,70.9,1,2,2,1,3,1,1
9.5,79.7,90.1,54.2,5,0,1,1,8,0,0
2.8,82.6,78.4,57.4,5,0,0,1,6,1,0
9.7,99.4,39.1,50.1,5,0,1,0,1,2,1
1.5,84.6,64.2,93.4,3,2,2,2,3,2,0
1.7,66.2,83.2,85.8,3,1,1,1,8,0,2
6.0,66.7,74.1,92.9,5,1,2,1,6,1,2
3.6,52.0,60.0,51.9,0,2,0,0,6,1,2
9.1,66.2,37.7,90.1,4,0,2,1,4,0,1
8.9,96.6,54.8,47.5,3,2,0,0,0,0,0
6.6,50.3,44.7,94.5,1,1,0,0,8,1,1
7.0,61.0,80.3,88.4,2,0,2,0,2,0,0
6.8,82.7,91.7,80.3,3,0,1,2,6,2,2
5.4,79.7,67.7,55.3,3,1,0,0,4,1,1
2.0,68.4,97.6,54.2,4,0,0,0,4,0,1
5.7,58.9,96.8,56.1,2,2,0,0,6,1,1
4.3,66.9,37.9,38.3,1,0,0,1,8,2,1
2.7,55.8,83.0,31.7,2,1,0,0,4,2,2
8.2,89.3,70.5,76.1,5,1,1,1,3,1,1
5.8,70.0,97.8,94.5,2,1,2,1,6,1,0
5.3,53.6,42.9,71.8,0,0,0,0,3,0,1
2.3,97.2,72.5,41.3,4,0,1,0,6,0,2
4.4,96.7,43.7,62.8,2,0,2,0,6,1,1
4.5,95.6,35.8,85.7,0,0,1,0,0,1,2
8.3,60.8,52.3,49.4,5,0,0,1,4,2,1
9.2,52.0,77.4,67.5,5,1,2,1,1,1,1
3.7,68.1,71.5,32.8,3,2,2,1,1,2,0
6.9,96.9,96.0,67.5,3,1,1,0,6,2,2
8.9,73.8,50.7,60.4,2,0,0,1,0,0,0
1.3,93.9,88.4,55.8,0,0,0,2,6,2,1
2.8,70.1,61.8,35.4,3,2,1,0,0,1,0
2.9,55.2,37.4,35.2,4,1,0,1,1,1,1
9.4,57.1,93.4,54.0,0,0,0,2,7,2,1
5.7,71.8,86.6,58.1,1,0,1,1,8,2,0
7.3,74.0,80.7,69.2,4,0,1,0,7,1,2
6.7,56.4,75.4,31.5,1,2,1,0,2,1,2
4.4,83.6,84.5,44.8,0,1,0,0,5,1,1
1.7,57.7,98.9,72.9,0,0,0,0,5,1,1
2.5,80.8,66.5,71.7,0,1,0,0,7,0,2
9.8,69.9,54.6,46.9,2,0,1,0,1,0,0
3.3,67.4,70.2,94.5,1,2,1,2,6,1,0
1.7,90.4,43.5,97.3,5,0,0,1,0,2,1
7.3,57.1,76.2,53.4,3,0,1,0,0,0,0
7.6,89.3,87.5,32.8,5,0,0,2,2,2,1
4.2,80.0,50.4,74.0,0,1,0,1,0,0,1
5.1,97.2,62.2,34.0,4,2,0,1,0,0,2
8.9,50.6,74.5,85.5,2,0,0,0,8,0,0
3.2,56.8,75.6,53.0,4,1,0,1,6,0,0
7.9,70.7,83.0,46.3,2,2,2,0,2,1,2
4.3,72.2,89.2,99.7,4,0,0,0,1,1,1
5.2,53.3,96.8,38.3,0,0,1,1,6,2,1
1.9,86.3,87.7,74.1,0,0,1,2,2,1,1
3.6,51.3,79.0,97.3,0,1,0,0,8,0,1
7.9,69.6,62.5,77.0,0,0,1,1,7,1,2
3.2,58.7,55.6,60.4,3,0,1,2,6,1,2
4.6,60.6,97.1,73.7,1,0,2,0,7,1,1
5.3,73.1,39.6,70.5,3,1,1,0,6,0,1
3.9,82.0,42.8,81.7,5,0,1,0,4,0,0
7.2,89.0,53.2,76.5,1,0,1,0,0,1,0
8.6,72.3,54.9,83.3,4,2,0,1,5,0,0
6.3,71.1,39.3,56.8,4,1,1,0,8,0,2
2.3,70.6,54.7,86.4,2,1,1,2,3,1,1
1.2,63.5,85.7,59.2,2,0,0,0,2,1,1
9.1,92.3,94.7,95.7,1,0,0,0,3,1,1
2.5,51.1,62.5,43.6,3,0,0,1,5,1,1
1.2,59.0,90.0,71.7,1,1,0,0,5,2,2
9.2,88.5,72.9,67.9,4,1,0,1,3,0,0
7.7,84.0,53.3,30.1,5,0,1,1,1,0,1
9.1,79.3,99.2,46.9,3,0,0,0,6,1,2
4.3,97.2,50.7,31.3,3,0,2,1,2,1,0
9.3,76.5,90.1,35.9,5,0,0,2,1,0,1
4.6,70.1,38.8,56.6,0,1,2,2,4,2,1
8.3,77.9,89.8,85.7,3,1,0,2,6,2,1
7.6,88.7,98.5,97.9,0,1,0,1,1,1,1
3.2,74.9,38.3,77.0,2,1,0,0,7,2,2
3.6,98.9,60.7,61.9,1,1,1,0,2,0,1
2.1,53.5,35.0,45.3,1,2,1,0,1,1,0
6.6,95.0,67.5,62.2,4,2,0,0,5,2,2
2.9,93.1,47.5,72.9,4,2,2,1,6,2,0
2.0,54.9,81.7,33.7,0,2,1,0,6,1,2
5.9,67.5,56.5,86.2,0,0,2,1,7,1,2
1.6,61.5,65.2,82.6,2,0,0,1,8,1,1
5.6,79.3,61.3,52.0,1,0,0,2,7,1,1
4.3,90.0,53.0,50.0,0,2,1,0,8,1,2
8.8,56.6,53.4,76.1,4,1,1,1,8,0,1
9.3,67.5,78.5,97.8,0,0,0,0,1,1,1
1.7,74.1,88.1,45.8,2,0,1,0,4,0,2
1.3,56.6,53.2,91.4,2,1,0,2,4,1,2
4.1,55.2,68.8,70.6,4,0,1,1,7,1,0
6.5,96.0,49.0,33.5,3,2,0,1,1,1,2
6.2,67.7,96.3,87.3,0,1,2,0,1,0,2
6.6,50.6,51.9,52.0,0,0,2,2,5,1,0
3.6,90.8,44.1,74.6,5,2,1,1,2,1,0
3.5,79.6,86.9,78.9,2,0,1,1,7,0,1
1.4,91.4,77.5,74.3,3,1,1,0,5,2,1
1.9,98.6,77.4,45.3,5,2,1,0,1,1,1
3.9,83.2,79.0,82.4,1,1,1,2,2,1,2
1.6,65.2,85.7,95.5,2,2,2,0,0,1,2
2.9,52.0,44.1,54.7,4,0,0,2,1,2,1
7.5,68.4,73.6,46.4,5,0,0,0,8,2,1
3.7,94.3,83.2,81.0,2,0,2,2,7,2,1
1.4,69.8,66.4,54.8,4,0,1,0,8,2,1
6.7,79.6,77.5,43.9,3,2,2,1,6,1,1
7.8,80.4,48.2,57.9,1,1,0,0,3,1,1
1.5,99.3,53.8,88.6,2,0,0,0,4,1,2
4.2,91.1,61.2,62.1,2,1,0,0,4,1,0
6.0,72.4,49.6,97.6,0,0,2,0,5,0,0
7.7,76.8,79.7,90.9,4,0,2,0,0,2,2
2.0,73.0,40.0,68.3,5,1,0,1,2,0,1
7.6,80.7,41.9,58.6,0,0,1,1,3,2,0
4.8,75.1,73.7,66.7,3,0,2,1,3,1,1
9.3,82.1,74.2,64.3,4,0,0,1,5,2,0
2.3,61.9,48.1,31.1,4,0,1,0,7,1,1
9.6,85.5,77.8,44.7,5,0,2,0,1,2,0
1.7,94.7,91.8,76.0,2,1,2,0,1,0,2
7.8,85.3,76.4,70.4,4,0,0,0,4,0,2
3.5,71.1,38.4,75.4,4,1,2,1,8,1,0
